DiscFacAdj,CRRA
1.004880962644363,4.8605098948425285
